{
  "surface_builder": "minecraft:grass",
  "depth": 0.1,
  "scale": 0.2,
  "temperature": 0.95,
  "downfall": 0.9,
  "precipitation": "rain",
  "category": "jungle",
  "player_spawn_friendly": true,
  "effects": {
    "sky_color": 4343373,
    "fog_color": 6238256,
    "water_color": 16723502,
    "water_fog_color": 13984354,
    "mood_sound": {
      "sound": "minecraft:ambient.cave",
      "tick_delay": 6000,
      "block_search_extent": 8,
      "offset": 2
    }
  },
  "starts": [],
  "spawners": {
    "monster": [],
    "water_creature": [],
    "water_ambient": [],
    "misc": []
  },
  "spawn_costs": {},
  "carvers": {
    "air": []
  },
  "features": []
}
